﻿<?xml version="1.0" encoding="utf-8" ?>
<Defs>

  <TerrainDef ParentName="TerrainRoadBase">
    <defName>Asphalt</defName>
    <label>asphalt</label>
    <texturePath>Terrain/Surfaces/BrokenAsphalt</texturePath>
    <edgeType>Hard</edgeType>
    <renderPrecedence>370</renderPrecedence>
    <pathCost>0</pathCost>
    <resourcesFractionWhenDeconstructed>0</resourcesFractionWhenDeconstructed>
    <statBases>
      <Beauty>-1</Beauty>
      <BeautyOutdoors>0</BeautyOutdoors>
      <Cleanliness>-1</Cleanliness>
    </statBases>
    <scatterType>Rocky</scatterType>
    <affordances>
      <li>Light</li>
    </affordances>
    <generatedFilth>Filth_Dirt</generatedFilth>
    <fertility>0.0</fertility>
    <tags>
      <li>Road</li>
    </tags>
  </TerrainDef>

  <TerrainDef ParentName="TerrainRoadBase">
    <defName>Pavement</defName>
    <label>pavement</label>
    <renderPrecedence>230</renderPrecedence>
    <texturePath>Terrain/Surfaces/PavedTile</texturePath>
    <edgeType>Hard</edgeType>
    <pathCost>0</pathCost>
    <resourcesFractionWhenDeconstructed>0</resourcesFractionWhenDeconstructed>
    <statBases>
      <Beauty>-1</Beauty>
      <BeautyOutdoors>0</BeautyOutdoors>
      <Cleanliness>-1</Cleanliness>
    </statBases>
    <scatterType>Rocky</scatterType>
    <affordances>
      <li>Light</li>
    </affordances>
    <fertility>0.0</fertility>
    <tags>
      <li>Road</li>
    </tags>
  </TerrainDef>
  
</Defs>
