<?xml version="1.0" encoding="utf-8" ?>
<Defs>

  <PawnKindDef Name="CivilianBase" Abstract="True">
    <race>Human</race>
    <defaultFactionType>OutlanderCivil</defaultFactionType>
    <chemicalAddictionChance>0.05</chemicalAddictionChance>
    <invNutrition>1.0</invNutrition>
    <itemQuality>Poor</itemQuality>
    <isFighter>false</isFighter>
    <backstoryCryptosleepCommonality>0.0</backstoryCryptosleepCommonality>
    <maxGenerationAge>80</maxGenerationAge>
    <combatEnhancingDrugsChance>0.0</combatEnhancingDrugsChance>
    <combatEnhancingDrugsCount>0~0</combatEnhancingDrugsCount>
    <biocodeWeaponChance>0.0</biocodeWeaponChance>
    <apparelTags>
      <li>Civilian</li>
    </apparelTags>
    <apparelMoney>200~400</apparelMoney>
    <apparelAllowHeadgearChance>0.4</apparelAllowHeadgearChance>
    <techHediffsChance>0.06</techHediffsChance>
    <techHediffsMoney>50~600</techHediffsMoney>
    <techHediffsTags>
      <li>Poor</li>
      <li>Simple</li>
      <li>ImplantEmpireCommon</li>
    </techHediffsTags>
    <initialWillRange>0~1</initialWillRange>
    <initialResistanceRange>10~17</initialResistanceRange>
    <backstoryFiltersOverride>
      <li>
        <categoriesAdulthood>
          <li>TribalHunter</li>
        </categoriesAdulthood>
      </li>
    </backstoryFiltersOverride>
    <disallowedTraits>
      <li>Brawler</li>
    </disallowedTraits>
  </PawnKindDef>

  <PawnKindDef ParentName="CivilianBase">
    <defName>Townsman</defName>
    <label>townsman</label>
    <minGenerationAge>20</minGenerationAge>
    <maxGenerationAge>60</maxGenerationAge>
    <combatPower>20</combatPower>
  </PawnKindDef>

  <PawnKindDef ParentName="CivilianBase">
    <defName>Senior</defName>
    <label>senior</label>
    <minGenerationAge>60</minGenerationAge>
    <maxGenerationAge>80</maxGenerationAge>
    <combatPower>20</combatPower>
  </PawnKindDef>

  <PawnKindDef ParentName="CivilianBase">
    <defName>Child</defName>
    <label>child</label>
    <minGenerationAge>10</minGenerationAge>
    <maxGenerationAge>20</maxGenerationAge>
    <combatPower>20</combatPower>
  </PawnKindDef>

</Defs>
