﻿<?xml version="1.0" encoding="utf-8"?><Defs>

  <SoundDef>
    <defName>Shelling_OffMap</defName>    
    <subSounds>
      <li>
        <name>main</name>      
        <onCamera>True</onCamera>      
        <grains>
          <li Class="AudioGrain_Folder">
            <clipFolderPath>Explosion/GiantExplosion</clipFolderPath>
          </li>
        </grains>      
        <volumeRange>5~20</volumeRange>      
        <pitchRange>0.8164706~1.160588</pitchRange>
        <paramMappings>
          <li>
            <inParam Class="SoundParamSource_AmbientVolume" />
            <outParam Class="SoundParamTarget_Volume" />
          </li>
        </paramMappings>
      </li>
    </subSounds>
  </SoundDef>

</Defs>