﻿<?xml version="1.0" encoding="utf-8" ?>
<Defs>

<!-- Misc -->
  <SketchResolverDef>
    <defName>FloorFillSpecific</defName>
    <resolver Class="TROM.SketchResolver_FloorFillSpecific" />
  </SketchResolverDef>

  <SketchResolverDef>
    <defName>PlaceDamage</defName>
    <resolver Class="TROM.SketchResolver_PlaceDamage" />
  </SketchResolverDef>

  <SketchResolverDef>
    <defName>PlaceFilth</defName>
    <resolver Class="TROM.SketchResolver_PlaceFilth" />
  </SketchResolverDef>

  <SketchResolverDef>
    <defName>PlaceLoot</defName>
    <resolver Class="TROM.SketchResolver_PlaceLoot" />
  </SketchResolverDef>

<!-- Block -->
  <SketchResolverDef>
    <defName>Block_GasStation</defName>
    <isRoot>true</isRoot>
    <resolver Class="TROM.SketchResolver_Block_GasStation" />
  </SketchResolverDef>

  <SketchResolverDef>
    <defName>Block_Residential</defName>
    <isRoot>true</isRoot>
    <resolver Class="TROM.SketchResolver_Block_Residential" />
  </SketchResolverDef>

  <SketchResolverDef>
    <defName>Block_Superstore</defName>
    <isRoot>true</isRoot>
    <resolver Class="TROM.SketchResolver_Block_Superstore" />
  </SketchResolverDef>

<!-- House -->
  <!-- HouseCorner -->
  <SketchResolverDef>
    <defName>HouseCorner_RG</defName>
    <resolver Class="TROM.SketchResolver_HouseCorner_RG" />
  </SketchResolverDef>

  <SketchResolverDef>
    <defName>HouseCorner_R1</defName>
    <resolver Class="TROM.SketchResolver_HouseCorner_R1" />
  </SketchResolverDef>

  <SketchResolverDef>
    <defName>HouseCorner_R2</defName>
    <resolver Class="TROM.SketchResolver_HouseCorner_R2" />
  </SketchResolverDef>

  <!-- HouseEdge -->
  <SketchResolverDef>
    <defName>HouseEdge</defName>
    <resolver Class="TROM.SketchResolver_HouseEdge" />
  </SketchResolverDef>

  <SketchResolverDef>
    <defName>HouseEdge_R5_Laundrette</defName>
    <resolver Class="TROM.SketchResolver_HouseEdge_R5_Laundrette" />
  </SketchResolverDef>

  <SketchResolverDef>
    <defName>HouseEdge_R7_Parking</defName>
    <resolver Class="TROM.SketchResolver_HouseEdge_R7_Parking" />
  </SketchResolverDef>

  <SketchResolverDef>
    <defName>HouseEdge_R11_1</defName>
    <resolver Class="TROM.SketchResolver_HouseEdge_R11_1" />
  </SketchResolverDef>

  <!-- HouseAlleyway -->
  <SketchResolverDef>
    <defName>HouseAlleyway</defName>
    <resolver Class="TROM.SketchResolver_HouseAlleyway" />
  </SketchResolverDef>

<!-- Courtyard -->
  <SketchResolverDef>
    <defName>Courtyard</defName>
    <resolver Class="TROM.SketchResolver_Courtyard" />
  </SketchResolverDef>

  <!-- Garage -->
  <SketchResolverDef>
    <defName>CourtyardGarage</defName>
    <resolver Class="TROM.SketchResolver_CourtyardGarage" />
  </SketchResolverDef>

  <!-- Garden -->
  <SketchResolverDef>
    <defName>CourtyardGarden</defName>
    <resolver Class="TROM.SketchResolver_CourtyardGarden" />
  </SketchResolverDef>

  <!-- Shed -->
  <SketchResolverDef>
    <defName>CourtyardShed</defName>
    <resolver Class="TROM.SketchResolver_CourtyardShed" />
  </SketchResolverDef>

<!-- Street -->
  <SketchResolverDef>
    <defName>Street</defName>
    <isRoot>true</isRoot>
    <resolver Class="TROM.SketchResolver_Street" />
  </SketchResolverDef>

  <SketchResolverDef>
    <defName>Street_Barricade</defName>
    <resolver Class="TROM.SketchResolver_Street_Barricade" />
  </SketchResolverDef>

<!-- Intersection -->
  <SketchResolverDef>
    <defName>Intersection</defName>
    <isRoot>true</isRoot>
    <resolver Class="TROM.SketchResolver_Intersection" />
  </SketchResolverDef>

  <SketchResolverDef>
    <defName>Intersection_Artillery</defName>
    <resolver Class="TROM.SketchResolver_Intersection_Artillery" />
  </SketchResolverDef>

  <SketchResolverDef>
    <defName>Intersection_BarbedWire</defName>
    <resolver Class="TROM.SketchResolver_Intersection_BarbedWire" />
  </SketchResolverDef>

  <SketchResolverDef>
    <defName>Intersection_Checkpoint</defName>
    <resolver Class="TROM.SketchResolver_Intersection_Checkpoint" />
  </SketchResolverDef>

</Defs>