﻿<?xml version="1.0" encoding="utf-8" ?>
<Defs>
<!-- -->
	<MapGeneratorDef Name="TROMMapCommonBase" Abstract="True">
		<genSteps>
			<li>TROM_ElevationFertility</li>
			<li>TROM_Terrain</li>
			<li>TROM_Blocks</li>
			<li>TROM_Streets</li>
			<li>FindPlayerStartSpot</li>
			<li>ScenParts</li>
			<li>Plants</li>
			<li>Snow</li>
			<li>Animals</li>
			<li>Fog</li>
		</genSteps>
	</MapGeneratorDef>

	<MapGeneratorDef ParentName="TROMMapCommonBase" Name="TROMBase_Player">
		<defName>TROMBase_Player</defName>
		<genSteps>
		</genSteps>
	</MapGeneratorDef>



	<GenStepDef>
		<defName>TROM_ElevationFertility</defName>
		<order>10</order>
		<genStep Class="TROM.GenStep_TROM_ElevationFertility"/>
	</GenStepDef>

	<GenStepDef>
		<defName>TROM_Terrain</defName>
		<order>210</order>
		<genStep Class="TROM.GenStep_TROM_Terrain"/>
	</GenStepDef>

	<GenStepDef>
		<defName>TROM_Streets</defName>
		<order>580</order>
		<genStep Class="TROM.GenStep_TROM_Streets"/>
	</GenStepDef>

	<GenStepDef>
		<defName>TROM_Blocks</defName>
		<order>590</order>
		<genStep Class="TROM.GenStep_TROM_Blocks"/>
	</GenStepDef>

</Defs>
     