﻿<?xml version="1.0" encoding="utf-8" ?>
<Defs>

  <BiomeDef>
    <defName>CityOutskirts</defName>
    <label>city outskirts</label>
    <description>...</description>
    <workerClass>TROM.BiomeWorker_CityOutskirts</workerClass>
    <animalDensity>1.0</animalDensity>
    <plantDensity>0.70</plantDensity>
    <settlementSelectionWeight>0</settlementSelectionWeight>
    <movementDifficulty>1.1</movementDifficulty>
    <texture>CityOutskirts</texture>
    <forageability>0.2</forageability>
    <foragedFood>RawBerries</foragedFood>
    <wildPlantRegrowDays>20</wildPlantRegrowDays>
    <soundsAmbient>
      <li>Ambient_NightInsects_Standard</li>
    </soundsAmbient>
    <diseaseMtbDays>50</diseaseMtbDays>
    <diseases>
      <li>
        <diseaseInc>Disease_Flu</diseaseInc>
        <commonality>100</commonality>
      </li>
      <li>
        <diseaseInc>Disease_Plague</diseaseInc>
        <commonality>100</commonality>
      </li>
      <li>
        <diseaseInc>Disease_Malaria</diseaseInc>
        <commonality>100</commonality>
      </li>
      <li>
        <diseaseInc>Disease_GutWorms</diseaseInc>
        <commonality>50</commonality>
      </li>
      <li>
        <diseaseInc>Disease_FibrousMechanites</diseaseInc>
        <commonality>30</commonality>
      </li>
      <li>
        <diseaseInc>Disease_SensoryMechanites</diseaseInc>
        <commonality>30</commonality>
      </li>
      <li>
        <diseaseInc>Disease_MuscleParasites</diseaseInc>
        <commonality>50</commonality>
      </li>
      
      <li>
        <diseaseInc>Disease_AnimalFlu</diseaseInc>
        <commonality>100</commonality>
      </li>
      <li>
        <diseaseInc>Disease_AnimalPlague</diseaseInc>
        <commonality>100</commonality>
      </li>
    </diseases>
    <terrainsByFertility>
      <li>
        <terrain>Gravel</terrain>
        <min>-999</min>
        <max>0.7</max>
      </li>
      <li>
        <terrain>Soil</terrain>
        <min>0.7</min>
        <max>999</max>
      </li>
    </terrainsByFertility>
    <baseWeatherCommonalities>
      <Clear>18</Clear>
      <Fog>1</Fog>
      <Rain>2</Rain>
      <DryThunderstorm>1</DryThunderstorm>
      <RainyThunderstorm>1</RainyThunderstorm>
      <FoggyRain>1</FoggyRain>
      <SnowGentle>4</SnowGentle>
      <SnowHard>4</SnowHard>
    </baseWeatherCommonalities>
    <wildPlants>
      <Plant_Grass>5.0</Plant_Grass>
      <Plant_TallGrass>2.0</Plant_TallGrass>
      <Plant_Brambles>1.0</Plant_Brambles>
      <Plant_Dandelion>0.5</Plant_Dandelion>
      <Plant_Bush>0.6</Plant_Bush>
      <Plant_TreeOak>0.2</Plant_TreeOak>
      <Plant_TreePoplar>0.2</Plant_TreePoplar>
      <Plant_Berry>0.05</Plant_Berry>
      <Plant_HealrootWild>0.05</Plant_HealrootWild>
    </wildPlants>
    <wildAnimals>
      <Hare>1.0</Hare>
      <Squirrel>1.0</Squirrel>
      <Rat>1.0</Rat>
      <Deer>0.2</Deer>
      <WildBoar>0.3</WildBoar>
      <Raccoon>0.5</Raccoon>
      <Muffalo>0.01</Muffalo>
      <Boomalope>0.01</Boomalope>
      <Boomrat>0.1</Boomrat>
      <Bear_Grizzly>0.07</Bear_Grizzly>
      <Wolf_Timber>0.07</Wolf_Timber>
      <Fox_Red>0.07</Fox_Red>
      <Lynx>0.07</Lynx>
      <Warg>0.07</Warg>
    </wildAnimals>
    <allowedPackAnimals>
      <li>Muffalo</li>
    </allowedPackAnimals>
  </BiomeDef>

  <BiomeDef>
    <defName>CityCentral</defName>
    <label>city central</label>
    <description>...</description>
    <workerClass>TROM.BiomeWorker_CityCentral</workerClass>
    <animalDensity>1.0</animalDensity>
    <plantDensity>0.70</plantDensity>
    <settlementSelectionWeight>0</settlementSelectionWeight>
    <movementDifficulty>1.1</movementDifficulty>
    <texture>CityCentral</texture>
    <forageability>0.2</forageability>
    <foragedFood>RawBerries</foragedFood>
    <wildPlantRegrowDays>20</wildPlantRegrowDays>
    <soundsAmbient>
      <li>Ambient_NightInsects_Standard</li>
    </soundsAmbient>
    <diseaseMtbDays>50</diseaseMtbDays>
    <diseases>
      <li>
        <diseaseInc>Disease_Flu</diseaseInc>
        <commonality>100</commonality>
      </li>
      <li>
        <diseaseInc>Disease_Plague</diseaseInc>
        <commonality>100</commonality>
      </li>
      <li>
        <diseaseInc>Disease_Malaria</diseaseInc>
        <commonality>100</commonality>
      </li>
      <li>
        <diseaseInc>Disease_GutWorms</diseaseInc>
        <commonality>50</commonality>
      </li>
      <li>
        <diseaseInc>Disease_FibrousMechanites</diseaseInc>
        <commonality>30</commonality>
      </li>
      <li>
        <diseaseInc>Disease_SensoryMechanites</diseaseInc>
        <commonality>30</commonality>
      </li>
      <li>
        <diseaseInc>Disease_MuscleParasites</diseaseInc>
        <commonality>50</commonality>
      </li>

      <li>
        <diseaseInc>Disease_AnimalFlu</diseaseInc>
        <commonality>100</commonality>
      </li>
      <li>
        <diseaseInc>Disease_AnimalPlague</diseaseInc>
        <commonality>100</commonality>
      </li>
    </diseases>
    <terrainsByFertility>
      <li>
        <terrain>Gravel</terrain>
        <min>-999</min>
        <max>0.87</max>
      </li>
      <li>
        <terrain>Soil</terrain>
        <min>0.87</min>
        <max>999</max>
      </li>
    </terrainsByFertility>
    <baseWeatherCommonalities>
      <Clear>18</Clear>
      <Fog>1</Fog>
      <Rain>2</Rain>
      <DryThunderstorm>1</DryThunderstorm>
      <RainyThunderstorm>1</RainyThunderstorm>
      <FoggyRain>1</FoggyRain>
      <SnowGentle>4</SnowGentle>
      <SnowHard>4</SnowHard>
    </baseWeatherCommonalities>
    <wildPlants>
      <Plant_Grass>5.0</Plant_Grass>
      <Plant_TallGrass>2.0</Plant_TallGrass>
      <Plant_Brambles>1.0</Plant_Brambles>
      <Plant_Dandelion>0.5</Plant_Dandelion>
      <Plant_Bush>0.6</Plant_Bush>
      <Plant_TreeOak>0.2</Plant_TreeOak>
      <Plant_TreePoplar>0.2</Plant_TreePoplar>
      <Plant_Berry>0.05</Plant_Berry>
      <Plant_HealrootWild>0.05</Plant_HealrootWild>
    </wildPlants>
    <wildAnimals>
      <Hare>1.0</Hare>
      <Squirrel>1.0</Squirrel>
      <Rat>1.0</Rat>
      <Deer>0.2</Deer>
      <WildBoar>0.3</WildBoar>
      <Raccoon>0.5</Raccoon>
      <Muffalo>0.01</Muffalo>
      <Boomalope>0.01</Boomalope>
      <Boomrat>0.1</Boomrat>
      <Bear_Grizzly>0.07</Bear_Grizzly>
      <Wolf_Timber>0.07</Wolf_Timber>
      <Fox_Red>0.07</Fox_Red>
      <Lynx>0.07</Lynx>
      <Warg>0.07</Warg>
    </wildAnimals>
    <allowedPackAnimals>
      <li>Muffalo</li>
    </allowedPackAnimals>
  </BiomeDef>

</Defs>
