﻿<?xml version="1.0" encoding="utf-8" ?>
<Defs>

  <ScenarioDef Name="RuinousTrap">
    <defName>RuinousTrap</defName>
    <label>Trapped</label>
    <description>When the civil war broke out, many people thought it would only last a couple of weeks. It's been years since government military surrounded the rebels in the capital, cutting off all supply lines. The civilian population trapped in the city are suffering from hunger, disease and shelling.</description>
    <scenario>
      <summary>Three survivors trapped in a ruined city.</summary>
      <playerFaction>
        <def>PlayerFaction</def>
        <factionDef>PlayerColony</factionDef>
      </playerFaction>
      <parts>

        <!-- Config pages -->
        <li Class="ScenPart_ConfigPage_ConfigureStartingPawns">
          <def>ConfigPage_ConfigureStartingPawns</def>
          <pawnCount>2</pawnCount>
          <pawnChoiceCount>5</pawnChoiceCount>
        </li>

        <!-- Player starting stuff spawn method-->
        <li Class="ScenPart_PlayerPawnsArriveMethod">
          <def>PlayerPawnsArriveMethod</def>
          <method>Standing</method>
        </li>
        
        <!-- Player starting things -->
        <li Class="ScenPart_StartingThing_Defined">
          <def>StartingThing_Defined</def>
          <thingDef>Silver</thingDef>
          <count>50</count>
        </li>
        <li Class="ScenPart_StartingThing_Defined">
          <def>StartingThing_Defined</def>
          <thingDef>MealSurvivalPack</thingDef>
          <count>20</count>
        </li>
        <li Class="ScenPart_StartingThing_Defined">
          <def>StartingThing_Defined</def>
          <thingDef>MedicineIndustrial</thingDef>
          <count>3</count>
        </li>
        <li Class="ScenPart_StartingThing_Defined">
          <def>StartingThing_Defined</def>
          <thingDef>ComponentIndustrial</thingDef>
          <count>2</count>
        </li>
        <li Class="ScenPart_StartingThing_Defined">
          <def>StartingThing_Defined</def>
          <thingDef>Gun_Revolver</thingDef>
        </li>
        <li Class="ScenPart_StartingThing_Defined">
          <def>StartingThing_Defined</def>
          <thingDef>MeleeWeapon_Knife</thingDef>
          <stuff>Plasteel</stuff>
        </li>
        <li Class="ScenPart_StartingThing_Defined">
          <def>StartingThing_Defined</def>
          <thingDef>Apparel_AdvancedHelmet</thingDef>
          <stuff>Steel</stuff>
        </li>
        
        <!-- Game start dialog -->
        <li Class="ScenPart_GameStartDialog">
          <def>GameStartDialog</def>
          <textKey>GameStartDialog</textKey>
          <closeSound>GameStartSting</closeSound>
        </li>
        
      </parts>
    </scenario>
  </ScenarioDef>

</Defs>
